{"epoch":2,"train/epoch_loss":293.6220174002729,"_timestamp":1.7726423205011327e+09,"train/step_loss":59.42055892944336,"train/target_mean":97.70091247558594,"_wandb":{"runtime":1864},"train/pred_mean":90.33749389648438,"train/mse_loss":57.3759651184082,"train/reward_mean":4.852892875671387,"train/contrastive_loss":2.044593334197998,"val/epoch_loss":142.5140954273224,"_runtime":1864,"train/step":197,"_step":10198}