{"_timestamp":1.7708603602642105e+09,"epoch":2,"train/epoch_loss":0.045954110225490806,"_wandb":{"runtime":5114},"_runtime":5114,"_step":2213,"train/step_loss":0,"train/step":1106}