{"_wandb":{"runtime":76606},"train/pred_mean":6.41319465637207,"val/epoch_loss":0.46697922606794134,"_timestamp":1.7722987955977352e+09,"train/reward_mean":-0.3841383457183838,"_runtime":76606,"train/contrastive_loss":0.21911457180976868,"train/target_mean":-0.5701068043708801,"_step":27779,"epoch":10,"train/step":2777,"train/true_returns_mean":-5.55468225479126,"train/step_loss":0.21911457180976868,"train/epoch_loss":0.4372790958423826}