{"_runtime":26,"_timestamp":1.772640103140187e+09,"train/step":100,"train/target_mean":1.9092934131622314,"_wandb":{"runtime":26},"train/reward_mean":1.4297192096710205,"train/pred_mean":23.217863082885742,"train/step_loss":454.8102722167969,"val/epoch_loss":52.42437698364258,"train/epoch_loss":180.93842409074307,"_step":100,"epoch":1,"train/contrastive_loss":0.6784350275993347,"train/mse_loss":454.1318359375}