{
  "checkpoint": "/home/adi2440/Desktop/MARL_Shahil_Aditya/MA-VLCM/checkpoints/0.5B_Final.pt",
  "baseline": false,
  "epoch": 10,
  "num_samples": 20,
  "gamma": 0.95,
  "pred_mean": 11.421875,
  "pred_std": 1.085212230682373,
  "td_target_mean": 10.509650230407715,
  "mse_vs_td_target": 5.833580493927002,
  "mae_vs_td_target": 1.9631942510604858,
  "spearman_vs_td_target": 0.1497930951055984,
  "mse_vs_return": 22.036460876464844,
  "mae_vs_return": 4.0814361572265625,
  "spearman_vs_return": 0.05344376760048989
}