{"train/target_mean":-19.99627685546875,"train/true_returns_mean":-4.137876033782959,"_wandb":{"runtime":76614},"epoch":10,"_step":27779,"train/step_loss":6.620850086212158,"val/epoch_loss":141.18741087031466,"_timestamp":1.7722987074350777e+09,"train/reward_mean":-0.3261067271232605,"train/epoch_loss":151.04618486475508,"train/pred_mean":-18.58333396911621,"train/step":2777,"_runtime":76614}