{
  "checkpoint": "/home/adi2440/Desktop/MARL_Shahil_Aditya/MA-VLCM/checkpoints/0.5B_LoRA_epoch_3.pt",
  "baseline": false,
  "epoch": 3,
  "num_samples": 100,
  "gamma": 0.95,
  "pred_mean": 7.005429744720459,
  "pred_std": 3.1224193572998047,
  "td_target_mean": 11.337267875671387,
  "mse_vs_td_target": 23.743993759155273,
  "mae_vs_td_target": 4.4314799308776855,
  "spearman_vs_td_target": 0.7272978229172542,
  "mse_vs_return": 18.45686149597168,
  "mae_vs_return": 3.86051869392395,
  "spearman_vs_return": 0.75337776102183
}