{
  "checkpoint": "/scratch/aparame/Research/VLCM_checkpoints/ckpt_epoch_3.pt",
  "epoch": 3,
  "num_samples": 100,
  "gamma": 0.99,
  "pred_mean": -33.65625,
  "pred_std": 0.622589111328125,
  "reward_mean": -0.21218961477279663,
  "mse_vs_reward": 1118.9049072265625,
  "mae_vs_reward": 33.44406509399414,
  "pearson_vs_reward": 0.20740795135498047,
  "td_target_mean": -33.54549026489258,
  "mse_vs_td_target": 0.1547406017780304,
  "mae_vs_td_target": 0.2768251895904541,
  "pearson_vs_td_target": 0.8572611212730408,
  "mse_vs_return": 879.6129150390625,
  "mae_vs_return": 29.500320434570312,
  "pearson_vs_return": 0.4751315116882324
}