{"_timestamp":1.7712683335092623e+09,"epoch":3,"train/epoch_loss":0.4049778536281669,"_wandb":{"runtime":81838},"_runtime":81838,"_step":4779,"train/step_loss":0.8259393572807312,"train/step":1000}