{"train/true_returns_mean":-23.619205474853516,"train/mse_loss":197.80816650390625,"_wandb":{"runtime":5452},"train/step":1198,"train/reward_mean":-1.3919857740402222,"_timestamp":1.77230423056988e+09,"_step":1197,"_runtime":5452,"train/target_mean":-47.51323699951172,"train/pred_mean":-33.84722137451172,"train/contrastive_loss":0.006483852863311768,"train/step_loss":1.9845654964447021}