{"train/epoch_loss":0.7431265009559986,"train/step":1562,"train/contrastive_loss":0.6751301288604736,"train/mse_loss":5.151901721954346,"_timestamp":1.772438239224358e+09,"_wandb":{"runtime":24352},"_runtime":24352,"train/pred_mean":3.890625,"val/epoch_loss":0.7777353283035784,"_step":1562,"epoch":1,"train/target_mean":1.6226987838745117,"train/reward_mean":2.318594455718994,"train/true_returns_mean":1.6226987838745117,"train/step_loss":0.7266491651535034}