{
  "checkpoint": "/home/adi2440/Desktop/MARL_Shahil_Aditya/MA-VLCM/checkpoints/0.5B_LoRA_epoch_3.pt",
  "baseline": false,
  "epoch": 3,
  "num_samples": 100,
  "gamma": 0.95,
  "pred_mean": 6.500625133514404,
  "pred_std": 3.049799919128418,
  "td_target_mean": 12.26797866821289,
  "mse_vs_td_target": 38.261268615722656,
  "mae_vs_td_target": 5.767353534698486,
  "spearman_vs_td_target": 0.7603324662485188,
  "mse_vs_return": 34.55221176147461,
  "mae_vs_return": 5.424239635467529,
  "spearman_vs_return": 0.7631229964605628
}