{
  "checkpoint": "/home/adi2440/Desktop/MARL_Shahil_Aditya/MA-VLCM/checkpoints/0.5B_Final.pt",
  "baseline": false,
  "epoch": 10,
  "num_samples": 100,
  "gamma": 0.95,
  "pred_mean": 13.0806245803833,
  "pred_std": 1.7482870817184448,
  "td_target_mean": 14.035134315490723,
  "mse_vs_td_target": 12.087576866149902,
  "mae_vs_td_target": 3.0298268795013428,
  "spearman_vs_td_target": 0.19488143487523035,
  "mse_vs_return": 12.858546257019043,
  "mae_vs_return": 2.9740915298461914,
  "spearman_vs_return": 0.15729042724876918
}