{
  "checkpoint": "/home/adi2440/Desktop/MARL_Shahil_Aditya/MA-VLCM/checkpoints/0.5B_Final.pt",
  "baseline": false,
  "epoch": 10,
  "num_samples": 100,
  "gamma": 0.95,
  "pred_mean": -2.754019260406494,
  "pred_std": 1.603529930114746,
  "td_target_mean": 2.347616672515869,
  "mse_vs_td_target": 27.715229034423828,
  "mae_vs_td_target": 5.101635456085205,
  "spearman_vs_td_target": 0.6059600468611869,
  "mse_vs_return": 2840.6845703125,
  "mae_vs_return": 53.282615661621094,
  "spearman_vs_return": 0.6073162394417296
}