{
  "checkpoint": "/home/adi2440/Desktop/MARL_Shahil_Aditya/MA-VLCM/checkpoints/0.5B_LoRA_epoch_3.pt",
  "baseline": false,
  "epoch": 3,
  "num_samples": 100,
  "gamma": 0.95,
  "pred_mean": -3.926523447036743,
  "pred_std": 1.6580078601837158,
  "td_target_mean": 1.214961290359497,
  "mse_vs_td_target": 27.010997772216797,
  "mae_vs_td_target": 5.141484260559082,
  "spearman_vs_td_target": 0.900690207853467,
  "mse_vs_return": 2965.861328125,
  "mae_vs_return": 54.455116271972656,
  "spearman_vs_return": 0.9134737874629097
}