{"_timestamp":1.7723347272044902e+09,"train/mse_loss":3.057692766189575,"train/epoch_loss":0.7161219865083694,"train/target_mean":3.5020694732666016,"train/step":64,"_step":4752,"train/contrastive_loss":0.4285551607608795,"val/epoch_loss":1.1746097569138958,"_wandb":{"runtime":21614},"train/step_loss":0.5814397931098938,"_runtime":21614,"train/reward_mean":2.124544143676758,"train/true_returns_mean":3.5020694732666016,"epoch":3,"train/pred_mean":2.1083984375}