{"train/step_loss":0.6133899092674255,"train/step":772,"_timestamp":1.771526749456429e+09,"_runtime":3938,"_wandb":{"runtime":3938},"_step":771}