{"train/step":100,"_runtime":23,"train/target_mean":27.00941276550293,"_timestamp":1.7726404287841272e+09,"train/step_loss":39.26698303222656,"train/contrastive_loss":1.5956730842590332,"train/epoch_loss":114.96258021950722,"_wandb":{"runtime":23},"train/pred_mean":20.976806640625,"epoch":1,"train/mse_loss":37.67131042480469,"train/reward_mean":0.4294990301132202,"val/epoch_loss":59.89754972219467,"_step":100}