{"val/epoch_loss":68.66887847900391,"_timestamp":1.7726403470118768e+09,"train/step":100,"train/mse_loss":281.01654052734375,"_step":100,"train/target_mean":35.469505310058594,"train/epoch_loss":166.5205812072754,"train/pred_mean":18.70773696899414,"_wandb":{"runtime":53},"epoch":1,"_runtime":53,"train/reward_mean":1.8022501468658447,"train/contrastive_loss":0.5405644774436951,"train/step_loss":281.5570983886719}