{"train/pred_mean":-0.88916015625,"_runtime":54,"_wandb":{"runtime":54},"_step":0,"_timestamp":1.772039812316931e+09,"train/reward_mean":-0.21022677421569824,"train/td_target_mean":-1.0344212055206299,"train/step_loss":0.02110077254474163,"train/step":1}