{"epoch":2,"train/epoch_loss":0.2573296959160407,"_runtime":4312,"_wandb":{"runtime":4312},"_step":2041,"train/step_loss":0,"train/step":1020,"_timestamp":1.7710013005367548e+09}