{"train/epoch_loss":0.5418028585967564,"_wandb":{"runtime":29335},"_runtime":29335,"_step":12619,"train/step_loss":0,"train/step":630,"_timestamp":1.771374454291899e+09,"epoch":20}