{"train/pred_mean":12.203731536865234,"_runtime":52,"_wandb":{"runtime":52},"train/epoch_loss":109.61704478144645,"train/reward_mean":2.14595890045166,"train/mse_loss":103.44245910644531,"_timestamp":1.772640360146337e+09,"train/target_mean":2.0349552631378174,"_step":100,"train/step_loss":104.33944702148438,"epoch":1,"val/epoch_loss":63.97856063842774,"train/contrastive_loss":0.8969842195510864,"train/step":100}