{"train/true_returns_mean":-6.246364593505859,"train/step_loss":1.0388481616973877,"_step":1195,"_wandb":{"runtime":5456},"_runtime":5456,"train/target_mean":-6.246364593505859,"train/step":1196,"_timestamp":1.772304231860269e+09,"train/reward_mean":0.1724420189857483,"train/pred_mean":-15.92013931274414,"train/contrastive_loss":0.02534341812133789,"train/mse_loss":101.35047912597656}