{
  "checkpoint": "/home/adi2440/Desktop/MARL_Shahil_Aditya/MA-VLCM/checkpoints/0.5B_LoRA_epoch_3.pt",
  "baseline": false,
  "epoch": 3,
  "num_samples": 100,
  "gamma": 0.95,
  "pred_mean": -1.3745105266571045,
  "pred_std": 0.9715521931648254,
  "td_target_mean": 4.268472194671631,
  "mse_vs_td_target": 32.090187072753906,
  "mae_vs_td_target": 5.642982006072998,
  "spearman_vs_td_target": 0.881540732625532,
  "mse_vs_return": 3040.883544921875,
  "mae_vs_return": 55.14219665527344,
  "spearman_vs_return": 0.8687713024484328
}