{
  "checkpoint": "/home/adi2440/Desktop/MARL_Shahil_Aditya/MA-VLCM/checkpoints/0.5B_Final.pt",
  "baseline": false,
  "epoch": 10,
  "num_samples": 100,
  "gamma": 0.95,
  "pred_mean": 12.8881254196167,
  "pred_std": 1.3883806467056274,
  "td_target_mean": 12.150979042053223,
  "mse_vs_td_target": 10.205018997192383,
  "mae_vs_td_target": 2.605665683746338,
  "spearman_vs_td_target": 0.3216584775409167,
  "mse_vs_return": 19.890356063842773,
  "mae_vs_return": 3.5094292163848877,
  "spearman_vs_return": 0.47754808116030445
}