{
  "checkpoint": "/home/adi2440/Desktop/MARL_Shahil_Aditya/MA-VLCM/checkpoints/0.5B_Final.pt",
  "baseline": false,
  "epoch": 10,
  "num_samples": 20,
  "gamma": 0.95,
  "pred_mean": -2.7726073265075684,
  "pred_std": 1.8609731197357178,
  "td_target_mean": 52.44116973876953,
  "mse_vs_td_target": 3051.41943359375,
  "mae_vs_td_target": 55.213768005371094,
  "spearman_vs_td_target": 0.41353383458646614,
  "mse_vs_return": 2853.2001953125,
  "mae_vs_return": 53.389312744140625,
  "spearman_vs_return": 0.3969924812030075
}