{"_step":472,"train/step_loss":0.7595432996749878,"train/step":473,"_timestamp":1.771530119029862e+09,"_wandb":{"runtime":2429},"_runtime":2429}