{"_wandb":{"runtime":4012},"_runtime":4012,"train/step_loss":0.7374112606048584,"train/step":787,"_timestamp":1.7715434302206893e+09,"_step":786}