{"train/pred_mean":11.8671875,"train/mse_loss":0.5230189561843872,"_wandb":{"runtime":38852},"train/contrastive_loss":0.507030725479126,"_step":15629,"_timestamp":1.7723537430634367e+09,"train/true_returns_mean":9.34610366821289,"train/step_loss":0.512260913848877,"_runtime":38852,"train/reward_mean":1.0009028911590576,"epoch":10,"val/epoch_loss":0.7117590548136296,"train/target_mean":12.518110275268555,"train/epoch_loss":0.7088869974570451,"train/step":1562}