{"_runtime":257.033702814,"_step":350,"train/loss":0.5853649248821394,"train/lr":0.0003,"_timestamp":1.771610281150584e+09,"_wandb":{"runtime":257}}