{
  "checkpoint": "/home/adi2440/Desktop/MARL_Shahil_Aditya/MA-VLCM/checkpoints/0.5B_Final.pt",
  "baseline": false,
  "epoch": 10,
  "num_samples": 20,
  "gamma": 0.95,
  "pred_mean": 12.465624809265137,
  "pred_std": 1.4584712982177734,
  "reward_mean": 1.3174160718917847,
  "mse_vs_reward": 126.24735260009766,
  "mae_vs_reward": 11.148209571838379,
  "pearson_vs_reward": 0.7114098072052002,
  "td_target_mean": 13.862627029418945,
  "mse_vs_td_target": 2.752335786819458,
  "mae_vs_td_target": 1.4615752696990967,
  "pearson_vs_td_target": 0.9604173898696899,
  "mse_vs_return": 3.371769666671753,
  "mae_vs_return": 1.61726975440979,
  "pearson_vs_return": 0.9518147110939026
}