{
  "checkpoint": "/home/adi2440/Desktop/MARL_Shahil_Aditya/MA-VLCM/checkpoints/0.5B_LoRA_epoch_3.pt",
  "baseline": false,
  "epoch": 3,
  "num_samples": 100,
  "gamma": 0.95,
  "pred_mean": 6.094843864440918,
  "pred_std": 2.7733051776885986,
  "td_target_mean": 11.823713302612305,
  "mse_vs_td_target": 38.839420318603516,
  "mae_vs_td_target": 5.781887054443359,
  "spearman_vs_td_target": 0.6233043797662533,
  "mse_vs_return": 34.531463623046875,
  "mae_vs_return": 5.376674175262451,
  "spearman_vs_return": 0.6301153673663524
}